data,mean,temp_arg,temp_arg_max,temp_arg_min
2020-05-01,11726.041666666666,14.7,19.6,9.8
2020-05-02,12322.25,12.7,16.93333333,8.466666667
2020-05-03,11483.250000000002,16.2,21.6,10.8
2020-05-04,13317.416666666664,13.7,18.26666667,9.133333333
2020-05-05,13904.625000000002,13.3,17.73333333,8.866666667
2020-05-06,14717.125,10.9,14.53333333,7.266666667
2020-05-07,14865.875,12.4,16.53333333,8.266666667
2020-05-08,14666.333333333336,13.4,17.86666667,8.933333333
2020-05-09,13272.916666666668,16.3,21.73333333,10.866666670000003
2020-05-10,12635.666666666668,19.6,26.13333333,13.066666670000002
2020-05-11,14407.708333333334,15.3,20.4,10.2
2020-05-12,14160.291666666664,11.0,14.66666667,7.333333333
2020-05-13,14659.916666666668,11.5,15.33333333,7.666666667
2020-05-14,15311.166666666666,8.0,10.66666667,5.333333333
2020-05-15,14690.291666666666,15.1,20.13333333,10.06666667
2020-05-16,13129.083333333334,20.6,27.46666667,13.73333333
2020-05-17,12222.583333333332,18.7,24.93333333,12.466666670000002
2020-05-18,13608.958333333334,17.7,23.6,11.8
2020-05-19,13849.291666666664,20.1,26.8,13.4
2020-05-20,13771.791666666666,18.4,24.53333333,12.26666667
2020-05-21,14462.124999999996,14.3,19.06666667,9.533333333
2020-05-22,14840.20833333333,12.4,16.53333333,8.266666667
2020-05-23,14321.916666666666,10.9,14.53333333,7.266666667
2020-05-24,12881.791666666666,11.8,15.73333333,7.866666667
2020-05-25,13756.0,14.0,18.66666667,9.333333333
2020-05-26,14748.416666666668,11.7,15.6,7.8
2020-05-27,14636.624999999996,15.1,20.13333333,10.06666667
2020-05-28,14933.458333333336,15.2,20.26666667,10.13333333
2020-05-29,14609.33333333333,13.9,18.53333333,9.266666667
2020-05-30,13852.291666666664,11.5,15.33333333,7.666666667
2020-05-31,14467.541666666668,9.6,12.8,6.4
2020-06-01,16381.875000000002,7.8,10.4,5.2
2020-06-02,16267.541666666668,6.7,8.933333333,4.466666667
2020-06-03,16857.416666666668,10.9,14.53333333,7.266666667
2020-06-04,16153.08333333333,9.0,12.0,6.0
2020-06-05,16584.125000000004,10.2,13.6,6.8
2020-06-06,15744.833333333334,15.7,20.93333333,10.466666670000002
2020-06-07,14190.333333333332,14.6,19.46666667,9.733333333
2020-06-08,15308.000000000002,12.6,16.8,8.4
2020-06-09,15287.25,9.6,12.8,6.4
2020-06-10,15669.208333333336,11.0,14.66666667,7.333333333
2020-06-11,15417.625000000004,10.1,13.46666667,6.733333333
2020-06-12,15973.458333333336,13.6,18.13333333,9.066666667
2020-06-13,15331.625,7.6,10.133333330000001,5.066666667
2020-06-14,15010.083333333332,5.9,7.866666667,3.933333333
2020-06-15,15228.666666666664,11.0,14.66666667,7.333333333
2020-06-16,15964.666666666666,18.2,24.26666667,12.13333333
2020-06-17,15354.416666666666,22.6,30.13333333,15.06666667
2020-06-18,14881.33333333333,14.9,19.86666667,9.933333332999998
2020-06-19,14975.0,11.4,15.2,7.6
2020-06-20,14594.95833333333,9.9,13.2,6.6
2020-06-21,13639.499999999998,13.2,17.6,8.8
2020-06-22,15906.16666666667,10.7,14.266666669999998,7.133333333
2020-06-23,16710.375000000004,12.7,16.93333333,8.466666667
2020-06-24,16869.791666666664,11.5,15.33333333,7.666666667
2020-06-25,17398.875,7.9,10.53333333,5.266666667
2020-06-26,17407.416666666664,6.7,8.933333333,4.466666667
2020-06-27,16580.583333333336,7.9,10.53333333,5.266666667
2020-06-28,15499.458333333334,6.1,8.133333333,4.066666667
2020-06-29,17272.25,9.6,12.8,6.4
2020-06-30,18134.124999999996,10.8,14.4,7.2
2020-07-01,18159.375000000004,6.8,9.066666667,4.533333333
2020-07-02,18341.958333333332,7.1,9.466666667,4.733333333
2020-07-03,18103.708333333336,10.3,13.733333330000002,6.866666667
2020-07-04,16518.166666666668,11.4,15.2,7.6
2020-07-05,15657.0,8.4,11.2,5.6
2020-07-06,17557.541666666664,5.0,6.666666667,3.333333333
2020-07-07,18676.91666666666,5.3,7.066666667,3.5333333329999994
2020-07-08,18757.458333333336,6.7,8.933333333,4.466666667
2020-07-09,16581.916666666668,8.8,11.733333330000002,5.866666667
2020-07-10,16975.958333333336,10.5,14.0,7.0
2020-07-11,16650.874999999996,8.3,11.06666667,5.533333333
2020-07-12,15389.583333333334,8.8,11.733333330000002,5.866666667
2020-07-13,18383.958333333332,7.3,9.733333333,4.866666667
2020-07-14,18305.625000000004,4.6,6.133333333,3.066666667
2020-07-15,18383.166666666668,7.4,9.866666667,4.933333333
2020-07-16,18024.333333333336,9.6,12.8,6.4
2020-07-17,17643.958333333332,10.6,14.13333333,7.066666667
2020-07-18,15335.124999999996,13.7,18.26666667,9.133333333
2020-07-19,14168.125000000002,16.3,21.73333333,10.86666667
2020-07-20,15877.041666666668,14.8,19.73333333,9.866666667
2020-07-21,15780.083333333332,13.2,17.6,8.8
2020-07-22,16952.874999999996,12.8,17.06666667,8.533333333
2020-07-23,17112.75,12.2,16.26666667,8.133333333
2020-07-24,17999.5,7.4,9.866666667,4.933333333
2020-07-25,16780.625,6.5,8.666666667,4.333333333
2020-07-26,15731.875000000002,11.8,15.733333330000002,7.866666667
2020-07-27,17884.5,9.1,12.13333333,6.066666667
2020-07-28,18626.75,4.9,6.533333333,3.266666667
2020-07-29,18688.458333333332,6.2,8.266666667,4.133333333
2020-07-30,17520.083333333332,9.0,12.0,6.0
2020-07-31,17520.083333333332,10.8,14.4,7.2
2020-08-01,15122.874999999996,11.4,15.2,7.6
2020-08-02,13574.166666666666,18.3,24.4,12.2
2020-08-03,14258.208333333334,16.6,22.13333333,11.066666670000002
2020-08-04,14457.791666666668,19.800000000000004,26.4,13.2
2020-08-05,14172.666666666666,21.8,29.06666667,14.533333329999998
2020-08-06,14877.583333333334,13.599999999999998,18.13333333,9.066666667
2020-08-07,14876.125,10.400000000000002,13.86666667,6.933333333000001
2020-08-08,14638.375000000004,14.1,18.8,9.4
2020-08-09,12469.083333333332,13.3,17.73333333,8.866666667
2020-08-10,15377.125,13.5,18.0,9.0
2020-08-11,16723.166666666664,7.3,9.733333333,4.866666667
2020-08-12,16974.875,8.4,11.2,5.6
2020-08-13,16494.499999999996,11.7,15.599999999999998,7.799999999999999
2020-08-14,16673.958333333332,13.4,17.86666667,8.933333333
2020-08-15,14781.625,9.6,12.8,6.4
2020-08-16,13911.374999999998,10.6,14.133333329999997,7.066666667
2020-08-17,14809.625,11.1,14.8,7.4
2020-08-18,15908.125000000004,12.6,16.8,8.4
2020-08-19,17300.750000000004,6.6,8.8,4.4
2020-08-20,17573.833333333336,5.6,7.466666667,3.7333333330000005
2020-08-21,17866.75,10.7,14.26666667,7.133333333
2020-08-22,15935.833333333338,12.2,16.26666667,8.133333333
2020-08-23,13145.124999999998,14.9,19.86666667,9.933333333
2020-08-24,15258.833333333336,18.2,24.26666667,12.133333329999997
2020-08-25,15165.250000000002,17.4,23.2,11.6
2020-08-26,14920.291666666662,16.8,22.4,11.2
2020-08-27,15020.458333333334,13.2,17.6,8.8
2020-08-28,15026.541666666666,13.3,17.73333333,8.866666667
2020-08-29,14744.291666666662,11.5,15.33333333,7.666666667
2020-08-30,14034.666666666664,6.9,9.2,4.6
2020-08-31,16426.958333333332,8.3,11.066666670000002,5.533333333
2020-09-01,18210.583333333325,7.4,9.866666667,4.933333333
2020-09-02,18585.75,9.8,13.066666670000002,6.533333333
2020-09-03,18310.208333333336,9.6,12.8,6.4
2020-09-04,16992.791666666668,12.1,16.13333333,8.066666667
2020-09-05,14751.375000000002,9.9,13.2,6.6
2020-09-06,13733.499999999996,9.4,12.533333329999998,6.266666667
2020-09-07,15090.208333333334,9.2,12.26666667,6.133333333
2020-09-08,15818.625,14.6,19.46666667,9.733333333
2020-09-09,14732.125,15.900000000000002,21.199999999999996,10.599999999999998
2020-09-10,14485.208333333332,10.2,13.6,6.8
2020-09-11,15339.458333333334,14.7,19.6,9.8
2020-09-12,13698.125000000002,10.7,14.26666667,7.133333333
2020-09-13,12593.000000000002,11.8,15.73333333,7.866666667
2020-09-14,14674.416666666664,11.1,14.8,7.4
2020-09-15,14400.583333333334,11.2,14.93333333,7.466666667
2020-09-16,14444.33333333333,11.4,15.2,7.6
2020-09-17,14470.166666666666,17.8,23.73333333,11.866666670000003
2020-09-18,14495.708333333332,16.9,22.53333333,11.26666667
2020-09-19,13082.791666666666,10.2,13.599999999999998,6.799999999999999
2020-09-20,12416.083333333334,11.2,14.933333329999998,7.466666667
2020-09-21,14244.70833333333,9.5,12.66666667,6.333333333
2020-09-22,14224.166666666664,14.2,18.93333333,9.466666667
2020-09-23,14409.041666666666,17.2,22.93333333,11.466666670000002
2020-09-24,13311.08333333333,16.1,21.46666667,10.73333333
2020-09-25,14674.083333333334,12.7,16.93333333,8.466666667
2020-09-26,13560.958333333334,16.0,21.33333333,10.66666667
2020-09-27,12683.166666666668,14.5,19.33333333,9.666666667
2020-09-28,14121.5,14.0,18.66666667,9.333333333
2020-09-29,14716.541666666668,18.6,24.8,12.4
2020-09-30,14522.333333333334,20.7,27.6,13.8
2020-10-01,14961.541666666666,14.9,19.86666667,9.933333332999998
2020-10-02,14603.333333333336,11.1,14.8,7.4
2020-10-03,14182.874999999996,8.3,11.066666670000002,5.533333333
2020-10-04,13652.500000000004,11.2,14.933333329999998,7.466666667
2020-10-05,15176.583333333334,12.5,16.66666667,8.333333333
2020-10-06,14583.5,13.3,17.73333333,8.866666667
2020-10-07,14110.125,16.4,21.866666669999997,10.93333333
2020-10-08,14016.666666666664,15.2,20.26666667,10.13333333
2020-10-09,13838.041666666666,15.900000000000002,21.199999999999996,10.599999999999998
2020-10-10,13251.833333333334,15.4,20.53333333,10.26666667
2020-10-11,12355.750000000002,16.1,21.46666667,10.733333330000002
2020-10-12,12802.833333333334,15.4,20.53333333,10.266666669999998
2020-10-13,14895.624999999998,15.6,20.8,10.4
2020-10-14,13888.499999999998,19.2,25.6,12.8
2020-10-15,13855.583333333336,16.0,21.33333333,10.66666667
2020-10-16,14241.041666666666,18.9,25.199999999999996,12.599999999999998
2020-10-17,14844.20833333333,21.7,28.93333333,14.466666670000002
2020-10-18,14949.083333333332,26.5,35.33333333,17.66666667
2020-10-19,16629.708333333336,22.1,29.46666667,14.733333330000002
2020-10-20,15520.208333333332,12.6,16.8,8.4
2020-10-21,15548.04166666667,13.0,17.33333333,8.666666667
2020-10-22,15594.708333333334,14.7,19.6,9.8
2020-10-23,16143.375,18.3,24.4,12.2
2020-10-24,15332.958333333334,19.9,26.53333333,13.266666669999998
2020-10-25,14060.333333333332,19.9,26.53333333,13.266666669999998
2020-10-26,15389.041666666666,17.6,23.46666667,11.733333330000002
2020-10-27,15424.333333333334,15.8,21.06666667,10.533333329999998
2020-10-28,15777.250000000004,12.9,17.2,8.6
2020-10-29,15722.75,12.5,16.66666667,8.333333333
2020-10-30,15388.833333333334,12.7,16.93333333,8.466666667
2020-10-31,14340.583333333332,14.900000000000002,19.866666669999997,9.933333333
2020-11-01,13249.583333333332,17.8,23.73333333,11.866666670000003
2020-11-02,15381.083333333334,18.3,24.4,12.2
2020-11-03,16451.875,18.2,24.26666667,12.133333329999997
2020-11-04,16465.333333333336,19.6,26.13333333,13.066666670000002
2020-11-05,16279.41666666667,19.8,26.4,13.2
2020-11-06,16199.04166666667,20.8,27.73333333,13.866666670000003
2020-11-07,14970.916666666664,21.4,28.53333333,14.266666669999998
2020-11-08,14024.541666666668,20.4,27.2,13.6
2020-11-09,16393.25,19.4,25.86666667,12.93333333
2020-11-10,16666.708333333332,19.4,25.86666667,12.93333333
2020-11-11,16961.91666666667,21.0,28.0,14.0
2020-11-12,17478.250000000004,20.9,27.86666667,13.93333333
2020-11-13,17616.708333333336,18.4,24.53333333,12.266666669999998
2020-11-14,16444.875,21.3,28.4,14.2
2020-11-15,13726.416666666668,19.2,25.6,12.8
2020-11-16,16054.124999999998,17.4,23.199999999999996,11.599999999999998
2020-11-17,16706.333333333336,22.8,30.4,15.2
2020-11-18,17537.416666666668,18.0,24.0,12.0
2020-11-19,17065.833333333332,18.1,24.13333333,12.06666667
2020-11-20,17542.125,19.2,25.6,12.8
2020-11-21,15586.291666666668,22.7,30.26666667,15.13333333
2020-11-22,14748.416666666662,24.0,32.0,16.0
2020-11-23,16489.333333333332,25.7,34.26666667,17.13333333
2020-11-24,18849.416666666664,25.0,33.33333333,16.66666667
2020-11-25,17995.5,22.2,29.6,14.8
2020-11-26,17501.333333333332,19.9,26.53333333,13.266666669999998
2020-11-27,18033.666666666668,22.2,29.6,14.8
2020-11-28,17380.333333333332,22.8,30.4,15.2
2020-11-29,16332.541666666668,23.6,31.46666667,15.733333330000002
2020-11-30,16269.208333333334,17.2,22.93333333,11.46666667
2020-12-01,17006.375,20.9,27.86666667,13.93333333
2020-12-02,17558.958333333332,21.3,28.4,14.2
2020-12-03,17856.75,21.1,28.13333333,14.06666667
2020-12-04,17338.875,17.4,23.2,11.6
2020-12-05,15629.458333333334,15.7,20.93333333,10.46666667
2020-12-06,14396.875000000002,17.8,23.73333333,11.86666667
2020-12-07,15424.0,21.2,28.26666667,14.13333333
2020-12-08,17326.75,23.3,31.06666667,15.53333333
2020-12-09,19017.95833333333,26.7,35.6,17.8
2020-12-10,20093.375,29.7,39.6,19.8
2020-12-11,19336.083333333332,23.6,31.46666667,15.733333330000002
2020-12-12,18152.29166666667,22.2,29.6,14.8
2020-12-13,15330.041666666664,19.9,26.53333333,13.266666669999998
2020-12-14,17510.291666666668,21.6,28.8,14.4
2020-12-15,17479.291666666668,19.9,26.53333333,13.266666669999998
2020-12-16,18008.125,21.5,28.66666667,14.33333333
2020-12-17,19239.875000000004,24.9,33.2,16.6
2020-12-18,19610.083333333336,27.1,36.13333333,18.06666667
2020-12-19,17263.374999999993,21.4,28.53333333,14.26666667
2020-12-20,14408.666666666666,17.3,23.06666667,11.53333333
2020-12-21,17382.04166666666,19.4,25.86666667,12.93333333
2020-12-22,17888.75,25.4,33.86666667,16.93333333
2020-12-23,18483.208333333332,27.4,36.53333333,18.26666667
2020-12-24,18017.750000000004,27.1,36.13333333,18.06666667
2020-12-25,15794.75,26.2,34.93333333,17.46666667
2020-12-26,16394.125,26.2,34.93333333,17.46666667
2020-12-27,16571.750000000004,26.0,34.66666667,17.33333333
2020-12-28,18345.166666666664,27.5,36.66666667,18.33333333
2020-12-29,20554.0,27.7,36.93333333,18.46666667
2020-12-30,17712.54166666667,22.2,29.6,14.8
2020-12-31,15818.125000000004,21.1,28.13333333,14.06666667
2021-01-01,11202.791666666668,26.1,34.8,17.4
2021-01-02,15864.083333333334,28.2,37.6,18.8
2021-01-03,16179.75,27.6,36.8,18.4
2021-01-04,18219.874999999996,26.0,34.66666667,17.33333333
2021-01-05,18229.916666666668,23.6,31.46666667,15.73333333
2021-01-06,17802.04166666667,21.1,28.13333333,14.06666667
2021-01-07,18000.874999999996,24.3,32.4,16.2
2021-01-08,18099.708333333336,23.9,31.86666667,15.93333333
2021-01-09,16411.583333333336,23.4,31.2,15.6
2021-01-10,15940.041666666666,27.6,36.8,18.4
2021-01-11,18308.291666666668,19.5,26.0,13.0
2021-01-12,17548.458333333336,20.0,26.66666667,13.33333333
2021-01-13,17263.16666666667,22.1,29.46666667,14.73333333
2021-01-14,18310.458333333332,23.9,31.86666667,15.93333333
2021-01-15,18156.875,22.7,30.26666667,15.13333333
2021-01-16,15172.875000000002,21.4,28.53333333,14.26666667
2021-01-17,13053.624999999996,19.8,26.4,13.2
2021-01-18,16603.708333333332,22.8,30.4,15.2
2021-01-19,18616.666666666664,26.8,35.73333333,17.866666670000004
2021-01-20,19704.958333333332,27.6,36.8,18.4
2021-01-21,20435.583333333336,27.1,36.13333333,18.06666667
2021-01-22,20424.5,27.3,36.4,18.2
2021-01-23,19052.95833333333,29.1,38.8,19.4
2021-01-24,18250.374999999996,29.8,39.73333333,19.866666670000004
2021-01-25,22066.958333333332,30.4,40.53333333,20.26666667
2021-01-26,21926.29166666667,28.2,37.6,18.8
2021-01-27,19599.291666666664,25.9,34.53333333,17.26666667
2021-01-28,18923.125000000004,23.8,31.73333333,15.86666667
2021-01-29,17109.666666666664,23.1,30.8,15.4
2021-01-30,15662.83333333333,18.6,24.8,12.4
2021-01-31,12902.749999999998,17.4,23.2,11.6
2021-02-01,14821.041666666664,19.0,25.33333333,12.66666667
2021-02-02,15532.83333333333,20.3,27.06666667,13.53333333
2021-02-03,15766.166666666668,19.9,26.53333333,13.26666667
2021-02-04,16757.583333333336,20.8,27.73333333,13.86666667
2021-02-05,17141.333333333336,21.1,28.133333329999996,14.06666667
2021-02-06,15690.375000000004,23.4,31.2,15.6
2021-02-07,15913.041666666664,26.0,34.66666667,17.33333333
2021-02-08,16410.416666666664,18.9,25.2,12.6
2021-02-09,16945.75,18.3,24.4,12.2
2021-02-10,16227.583333333334,21.8,29.066666669999996,14.53333333
2021-02-11,16237.625,19.9,26.53333333,13.26666667
2021-02-12,16933.541666666664,15.4,20.53333333,10.26666667
2021-02-13,15146.041666666666,20.5,27.33333333,13.66666667
2021-02-14,14931.333333333336,21.5,28.66666667,14.33333333
2021-02-15,14700.916666666666,17.7,23.6,11.8
2021-02-16,15737.375000000002,20.2,26.93333333,13.46666667
2021-02-17,17504.291666666668,20.7,27.6,13.8
2021-02-18,17903.833333333332,22.7,30.26666667,15.13333333
2021-02-19,17063.625000000004,23.2,30.93333333,15.46666667
2021-02-20,14899.79166666667,19.3,25.73333333,12.86666667
2021-02-21,14125.833333333332,24.6,32.8,16.4
2021-02-22,16874.499999999996,20.6,27.46666667,13.73333333
2021-02-23,18054.0,23.0,30.66666667,15.33333333
2021-02-24,18469.333333333332,23.1,30.8,15.4
2021-02-25,18792.0,24.4,32.53333333,16.26666667
2021-02-26,19000.124999999996,26.3,35.06666667,17.53333333
2021-02-27,17740.08333333333,25.6,34.13333333,17.06666667
2021-02-28,16303.250000000004,26.0,34.66666667,17.33333333
2021-03-01,18672.08333333333,25.6,34.13333333,17.06666667
2021-03-02,19231.125,26.0,34.66666667,17.33333333
2021-03-03,19086.916666666668,25.4,33.86666667,16.93333333
2021-03-04,18589.291666666668,25.6,34.13333333,17.06666667
2021-03-05,17788.125,20.5,27.33333333,13.66666667
2021-03-06,15473.708333333334,18.0,24.0,12.0
2021-03-07,14699.541666666668,21.3,28.4,14.2
2021-03-08,16734.583333333332,24.6,32.8,16.4
2021-03-09,17283.333333333332,19.7,26.26666667,13.13333333
2021-03-10,17361.375,22.5,30.0,15.0
2021-03-11,18529.958333333332,25.1,33.46666667,16.73333333
2021-03-12,16846.45833333333,22.9,30.53333333,15.26666667
2021-03-13,15743.95833333333,22.2,29.6,14.8
2021-03-14,14630.875000000002,24.4,32.53333333,16.26666667
2021-03-15,16350.125,23.8,31.73333333,15.866666669999999
2021-03-16,16108.249999999998,20.4,27.2,13.6
2021-03-17,15245.083333333332,17.5,23.33333333,11.66666667
2021-03-18,14774.458333333327,14.3,19.066666669999996,9.533333333
2021-03-19,14389.000000000002,17.3,23.066666669999996,11.53333333
2021-03-20,13913.624999999998,17.3,23.066666669999996,11.53333333
2021-03-21,12819.458333333332,18.1,24.13333333,12.06666667
2021-03-22,14604.666666666666,18.2,24.26666667,12.133333330000001
2021-03-23,15087.666666666664,19.2,25.6,12.8
2021-03-24,14414.208333333328,22.2,29.6,14.8
2021-03-25,15122.374999999998,19.6,26.13333333,13.06666667
2021-03-26,15736.041666666662,19.7,26.26666667,13.13333333
2021-03-27,13884.583333333336,19.3,25.73333333,12.86666667
2021-03-28,12591.583333333336,19.7,26.26666667,13.133333330000001
2021-03-29,14511.541666666666,18.6,24.8,12.4
2021-03-30,14936.791666666666,16.3,21.73333333,10.866666669999999
2021-03-31,15470.333333333334,17.4,23.2,11.6
2021-04-01,13783.583333333332,18.3,24.4,12.2
2021-04-02,12487.541666666662,18.6,24.8,12.4
2021-04-03,12895.541666666664,21.2,28.26666667,14.13333333
2021-04-04,12898.208333333332,21.3,28.4,14.2
2021-04-05,14369.25,22.9,30.53333333,15.26666667
2021-04-06,15768.45833333333,22.8,30.4,15.2
2021-04-07,16134.999999999996,25.0,33.33333333,16.66666667
2021-04-08,16109.166666666662,23.1,30.8,15.4
2021-04-09,15167.499999999995,20.6,27.46666667,13.73333333
2021-04-10,14144.916666666662,20.7,27.6,13.8
2021-04-11,12885.541666666666,18.4,24.53333333,12.26666667
2021-04-12,14195.583333333332,17.1,22.8,11.4
2021-04-13,14464.291666666666,18.1,24.13333333,12.06666667
2021-04-14,14565.708333333334,17.1,22.8,11.4
2021-04-15,14583.416666666666,18.1,24.13333333,12.06666667
2021-04-16,14684.83333333333,17.9,23.86666667,11.93333333
2021-04-17,13297.5,18.1,24.13333333,12.06666667
2021-04-18,12752.583333333334,17.9,23.86666667,11.93333333
2021-04-19,14415.125,20.7,27.6,13.8
2021-04-20,15218.708333333332,21.2,28.26666667,14.13333333
2021-04-21,15143.91666666667,21.8,29.06666667,14.53333333
2021-04-22,14770.624999999998,21.9,29.2,14.6
2021-04-23,14616.541666666666,20.4,27.2,13.6
2021-04-24,13324.624999999996,16.8,22.4,11.2
2021-04-25,12377.041666666664,13.8,18.4,9.2
2021-04-26,13931.583333333334,12.7,16.93333333,8.466666667
2021-04-27,14171.458333333332,13.7,18.26666667,9.133333333
2021-04-28,14508.625,16.3,21.73333333,10.86666667
2021-04-29,14466.124999999998,18.1,24.13333333,12.06666667
2021-04-30,14393.749999999998,17.8,23.73333333,11.866666669999999
2021-05-01,12132.75,18.8,25.066666669999996,12.53333333
2021-05-02,12076.124999999998,19.9,26.53333333,13.26666667
2021-05-03,14393.124999999998,20.0,26.66666667,13.33333333
2021-05-04,14681.916666666662,12.6,16.8,8.4
2021-05-05,15597.124999999996,9.2,12.26666667,6.133333333000001
2021-05-06,15449.958333333336,9.3,12.4,6.2
2021-05-07,16296.500000000002,9.8,13.06666667,6.533333333
2021-05-08,14452.416666666666,13.1,17.46666667,8.733333333
2021-05-09,13611.624999999998,11.2,14.93333333,7.466666667
2021-05-10,15725.791666666668,10.6,14.133333330000001,7.066666667
2021-05-11,15915.0,8.8,11.73333333,5.866666666999999
2021-05-12,16290.291666666666,10.2,13.6,6.8
2021-05-13,16417.25,11.7,15.6,7.8
2021-05-14,16396.41666666667,10.6,14.133333330000001,7.066666667
2021-05-15,14531.875,7.8,10.4,5.2
2021-05-16,14086.875,9.2,12.26666667,6.133333333000001
2021-05-17,15809.166666666666,8.1,10.8,5.4
2021-05-18,16318.291666666664,9.1,12.133333330000001,6.066666667
2021-05-19,16282.166666666668,11.3,15.06666667,7.533333333
2021-05-20,16784.5,13.9,18.53333333,9.266666667
2021-05-21,16184.749999999998,13.4,17.86666667,8.933333333
2021-05-22,15385.375,13.6,18.133333329999996,9.066666667
2021-05-23,15001.958333333327,12.4,16.53333333,8.266666667
2021-05-24,15003.375000000002,12.0,16.0,8.0
2021-05-25,15000.041666666664,12.6,16.8,8.4
2021-05-26,16663.541666666664,11.2,14.93333333,7.466666667
2021-05-27,16435.166666666664,16.1,21.46666667,10.73333333
2021-05-28,15879.166666666664,15.6,20.8,10.4
2021-05-29,15308.0,8.8,11.73333333,5.866666667
2021-05-30,14938.541666666664,7.9,10.53333333,5.266666667
2021-05-31,16442.54166666666,14.5,19.33333333,9.666666667
2021-06-01,16890.541666666664,15.6,20.8,10.4
2021-06-02,3482.166666666666,11.7,15.600000000000001,7.800000000000001
2021-06-03,16078.166666666662,11.6,15.46666667,7.733333333
2021-06-04,16485.166666666664,16.9,22.53333333,11.26666667
2021-06-05,15269.70833333333,13.0,17.33333333,8.666666667
2021-06-06,14939.416666666666,8.3,11.06666667,5.533333333
2021-06-07,16679.333333333336,11.2,14.93333333,7.466666667
2021-06-08,17662.958333333332,14.9,19.866666670000004,9.933333333
2021-06-09,17429.625,15.9,21.2,10.6
2021-06-10,16758.291666666668,13.9,18.53333333,9.266666667
2021-06-11,17110.916666666668,9.4,12.53333333,6.266666667
2021-06-12,16009.416666666666,16.1,21.46666667,10.73333333
2021-06-13,14569.041666666666,16.8,22.4,11.2
2021-06-14,16403.958333333332,12.5,16.66666667,8.333333333
2021-06-15,17762.875,6.6,8.8,4.4
2021-06-16,19398.75,5.1,6.8,3.4
2021-06-17,20491.124999999996,4.0,5.333333333,2.666666667
2021-06-18,19783.625000000004,3.3,4.4,2.2
2021-06-19,18333.124999999996,4.1,5.466666667,2.733333333
2021-06-20,17150.249999999996,3.4,4.533333333,2.266666667
2021-06-21,16510.166666666664,7.9,10.53333333,5.266666667
2021-06-22,18094.125,12.3,16.4,8.2
2021-06-23,18786.083333333336,13.8,18.4,9.2
2021-06-24,18112.874999999996,12.8,17.06666667,8.533333333
2021-06-25,17753.374999999996,11.7,15.6,7.8
2021-06-26,17237.333333333332,7.9,10.53333333,5.266666667
2021-06-27,17323.249999999996,6.3,8.4,4.2
2021-06-28,20208.541666666675,7.3,9.733333333,4.866666667
2021-06-29,21272.166666666664,7.5,10.0,5.0
2021-06-30,21113.75,5.8,7.733333333,3.866666667
2021-07-01,20666.166666666675,8.4,11.2,5.6
2021-07-02,20522.708333333332,6.2,8.266666667,4.133333333
2021-07-03,17791.875,8.9,11.86666667,5.933333332999999
2021-07-04,16311.458333333332,10.1,13.46666667,6.733333333
2021-07-05,18383.124999999996,5.7,7.6,3.8
2021-07-06,17945.916666666668,9.9,13.2,6.6
2021-07-07,17966.666666666664,13.5,18.0,9.0
2021-07-08,17195.0,13.2,17.6,8.8
2021-07-09,15748.375,19.8,26.4,13.2
2021-07-10,15794.333333333336,14.5,19.33333333,9.666666667
2021-07-11,14460.458333333332,10.1,13.46666667,6.733333333
2021-07-12,17072.499999999996,14.2,18.93333333,9.466666667
2021-07-13,16881.416666666668,11.4,15.2,7.6
2021-07-14,17307.625000000004,8.9,11.86666667,5.933333333
2021-07-15,18667.875,10.4,13.866666669999999,6.933333333
2021-07-16,17469.333333333336,9.2,12.266666669999998,6.133333333
2021-07-17,17245.374999999996,8.8,11.73333333,5.866666666999999
2021-07-18,16898.416666666664,7.7,10.26666667,5.133333333000001
2021-07-19,19700.958333333325,5.6,7.466666667,3.733333333
2021-07-20,19309.000000000004,10.0,13.33333333,6.666666667
2021-07-21,18603.666666666668,11.2,14.93333333,7.466666667
2021-07-22,16573.91666666667,12.9,17.2,8.6
2021-07-23,16966.375,16.8,22.4,11.2
2021-07-24,16501.875,14.4,19.2,9.6
2021-07-25,15532.541666666668,14.9,19.866666670000004,9.933333333
2021-07-26,17129.5,8.6,11.46666667,5.733333333
2021-07-27,19108.333333333332,6.9,9.2,4.6
2021-07-28,20088.291666666664,6.3,8.4,4.2
2021-07-29,20082.625000000004,5.9,7.866666666999999,3.9333333330000007
2021-07-30,19433.041666666668,10.4,13.86666667,6.933333332999999
2021-07-31,17621.208333333336,10.7,14.26666667,7.133333333
2021-08-01,15650.916666666664,6.8,9.066666667,4.533333333
2021-08-02,17640.583333333332,9.4,12.53333333,6.266666667
2021-08-03,17536.250000000007,10.3,13.73333333,6.866666667
2021-08-04,17192.583333333336,7.6,10.13333333,5.066666667000001
2021-08-05,17563.083333333332,10.1,13.46666667,6.733333333
2021-08-06,17854.624999999996,14.1,18.8,9.4
2021-08-07,17530.499999999996,18.9,25.2,12.6
2021-08-08,15708.5,10.0,13.33333333,6.666666667
2021-08-09,18604.708333333336,7.6,10.13333333,5.066666667000001
2021-08-10,19778.95833333333,4.7,6.266666667,3.133333333
2021-08-11,19385.541666666664,6.9,9.2,4.6
2021-08-12,18903.916666666668,9.6,12.8,6.4
2021-08-13,18466.250000000007,6.3,8.4,4.2
2021-08-14,16754.041666666668,7.4,9.866666667,4.933333333
2021-08-15,16866.625,8.3,11.06666667,5.533333333
2021-08-16,17236.791666666668,12.3,16.4,8.2
2021-08-17,17913.75,13.3,17.73333333,8.866666667
2021-08-18,18031.000000000004,14.1,18.8,9.4
2021-08-19,18371.333333333332,12.8,17.06666667,8.533333333
2021-08-20,17913.0,13.7,18.26666667,9.133333333
2021-08-21,17168.25,11.4,15.2,7.6
2021-08-22,16381.458333333334,14.3,19.066666669999996,9.533333333
2021-08-23,17512.833333333332,10.099999999999998,13.466666669999999,6.733333333
2021-08-24,17305.333333333332,7.5,10.0,5.0
2021-08-25,16876.41666666667,9.1,12.133333330000001,6.066666667
2021-08-26,18452.95833333333,13.8,18.4,9.2
2021-08-27,18008.333333333336,10.6,14.13333333,7.066666667000001
2021-08-28,16462.375,13.8,18.4,9.2
2021-08-29,14979.166666666664,11.7,15.6,7.8
2021-08-30,15755.249999999998,17.1,22.8,11.4
2021-08-31,15492.625000000002,21.9,29.2,14.6
2021-09-01,14840.375000000002,17.1,22.800000000000004,11.400000000000002
2021-09-02,16828.333333333336,13.6,18.133333329999996,9.066666667
2021-09-03,16821.166666666664,14.0,18.66666667,9.333333333
2021-09-04,15728.08333333333,11.6,15.46666667,7.733333333
2021-09-05,14185.624999999998,13.4,17.86666667,8.933333333
2021-09-06,16287.708333333332,14.4,19.2,9.6
2021-09-07,16979.291666666664,13.6,18.13333333,9.066666667
2021-09-08,17529.45833333334,15.1,20.133333329999996,10.06666667
2021-09-09,17681.124999999996,13.2,17.6,8.8
2021-09-10,17253.708333333332,12.3,16.4,8.2
2021-09-11,15737.375,14.9,19.866666670000004,9.933333333
2021-09-12,14059.333333333332,18.4,24.53333333,12.26666667
2021-09-13,15698.458333333334,14.7,19.6,9.8
2021-09-14,16625.041666666668,13.1,17.46666667,8.733333333
2021-09-15,16915.458333333336,11.7,15.6,7.8
2021-09-16,16572.0,16.8,22.4,11.2
2021-09-17,16243.833333333332,17.5,23.33333333,11.66666667
2021-09-18,15528.833333333332,16.7,22.26666667,11.133333330000001
2021-09-19,15212.08333333333,16.1,21.46666667,10.733333330000002
2021-09-20,16698.125,15.4,20.53333333,10.26666667
2021-09-21,16801.583333333336,11.0,14.66666667,7.333333333
2021-09-22,16941.333333333332,11.9,15.866666669999999,7.933333333
2021-09-23,16446.458333333336,14.4,19.2,9.6
2021-09-24,16408.45833333333,11.8,15.73333333,7.866666667
2021-09-25,15261.208333333332,15.1,20.133333329999996,10.06666667
2021-09-26,14296.416666666664,17.7,23.6,11.8
2021-09-27,16079.249999999998,12.3,16.4,8.2
2021-09-28,16273.541666666666,12.5,16.66666667,8.333333333
2021-09-29,16205.874999999998,14.3,19.06666667,9.533333333
2021-09-30,16476.583333333332,15.6,20.8,10.4
2021-10-01,15520.166666666668,14.1,18.8,9.4
2021-10-02,14642.208333333336,13.7,18.26666667,9.133333333
2021-10-03,13555.75,11.3,15.06666667,7.533333333
2021-10-04,14662.166666666666,13.0,17.33333333,8.666666667
2021-10-05,14899.416666666668,17.6,23.46666667,11.73333333
2021-10-06,14950.708333333334,13.1,17.46666667,8.733333333
2021-10-07,14552.833333333334,10.2,13.6,6.8
2021-10-08,13802.208333333332,11.9,15.86666667,7.933333332999999
2021-10-09,13531.583333333334,14.3,19.06666667,9.533333333
2021-10-10,12959.083333333334,15.1,20.13333333,10.06666667
2021-10-11,13117.624999999998,17.1,22.8,11.4
2021-10-12,15053.583333333332,16.8,22.4,11.2
2021-10-13,15001.791666666666,16.2,21.6,10.8
2021-10-14,15745.583333333334,13.7,18.26666667,9.133333333
2021-10-15,15699.624999999998,12.4,16.53333333,8.266666667
2021-10-16,14038.458333333334,14.2,18.933333330000004,9.466666667
2021-10-17,12629.958333333336,16.8,22.4,11.2
2021-10-18,14402.958333333332,15.4,20.53333333,10.26666667
2021-10-19,15443.124999999998,13.1,17.46666667,8.733333333
2021-10-20,16393.125,16.7,22.26666667,11.133333330000001
2021-10-21,16419.666666666668,21.2,28.26666667,14.133333330000001
2021-10-22,16283.166666666664,18.4,24.53333333,12.26666667
2021-10-23,15286.45833333333,16.5,22.0,11.0
2021-10-24,13784.791666666664,16.2,21.6,10.8
2021-10-25,16670.499999999996,21.7,28.93333333,14.46666667
2021-10-26,17268.708333333332,22.2,29.6,14.8
2021-10-27,18104.416666666664,25.4,33.86666667,16.93333333
2021-10-28,19407.29166666667,27.2,36.26666667,18.133333329999996
2021-10-29,20361.625,25.4,33.86666667,16.93333333
2021-10-30,18452.291666666664,25.6,34.13333333,17.06666667
2021-10-31,15683.458333333334,16.6,22.13333333,11.06666667
2021-11-01,16197.833333333334,15.6,20.8,10.4
2021-11-02,16325.874999999998,17.8,23.73333333,11.866666669999999
2021-11-03,16199.833333333332,20.4,27.2,13.6
2021-11-04,16012.416666666666,22.8,30.4,15.2
2021-11-05,15672.25,16.5,22.0,11.0
2021-11-06,14463.41666666667,15.4,20.53333333,10.26666667
2021-11-07,13043.666666666668,17.7,23.6,11.8
2021-11-08,15623.45833333333,21.2,28.26666667,14.133333330000001
2021-11-09,17203.708333333336,19.4,25.86666667,12.93333333
2021-11-10,17173.83333333333,19.5,26.0,13.0
2021-11-11,17297.999999999996,20.6,27.46666667,13.73333333
2021-11-12,16841.208333333332,20.3,27.06666667,13.53333333
2021-11-13,15245.125,21.6,28.8,14.4
2021-11-14,12917.125,19.7,26.26666667,13.13333333
2021-11-15,15376.625000000002,21.9,29.2,14.6
2021-11-16,14746.16666666667,16.9,22.53333333,11.26666667
2021-11-17,14791.958333333332,14.3,19.06666667,9.533333333
2021-11-18,15036.625,18.2,24.26666667,12.133333330000001
2021-11-19,15797.75,21.3,28.4,14.2
2021-11-20,16182.416666666668,20.6,27.46666667,13.73333333
2021-11-21,15999.916666666666,29.0,38.66666667,19.33333333
2021-11-22,17643.791666666668,27.8,37.06666667,18.53333333
2021-11-23,18186.874999999996,18.7,24.93333333,12.46666667
2021-11-24,18020.208333333332,24.1,32.13333333,16.06666667
2021-11-25,17849.5,21.1,28.133333329999996,14.06666667
2021-11-26,18088.166666666668,21.6,28.8,14.4
2021-11-27,16794.83333333333,22.3,29.73333333,14.866666669999999
2021-11-28,14116.124999999998,19.1,25.46666667,12.73333333
2021-11-29,15355.125000000002,20.3,27.066666669999996,13.53333333
2021-11-30,15832.208333333332,18.9,25.2,12.6
2021-12-01,16164.166666666666,18.1,24.13333333,12.06666667
2021-12-02,16732.958333333336,19.7,26.26666667,13.13333333
2021-12-03,17169.333333333336,20.7,27.6,13.8
2021-12-04,15599.95833333333,19.9,26.53333333,13.26666667
2021-12-05,13721.125,19.2,25.6,12.8
2021-12-06,16049.625000000004,20.8,27.73333333,13.86666667
2021-12-07,17329.208333333336,23.5,31.33333333,15.66666667
2021-12-08,16932.291666666668,23.1,30.8,15.4
2021-12-09,16586.583333333336,22.6,30.133333329999996,15.06666667
2021-12-10,16843.458333333332,22.5,30.0,15.0
2021-12-11,15515.125000000002,23.4,31.2,15.6
2021-12-12,14743.91666666667,24.1,32.13333333,16.06666667
2021-12-13,15668.666666666666,23.1,30.8,15.4
2021-12-14,16054.041666666668,19.6,26.133333329999996,13.06666667
2021-12-15,17506.125,22.1,29.46666667,14.73333333
2021-12-16,17633.208333333332,20.6,27.46666667,13.73333333
2021-12-17,18568.45833333333,21.7,28.933333330000004,14.46666667
2021-12-18,17102.750000000004,23.9,31.86666667,15.93333333
2021-12-19,17139.375000000004,25.7,34.26666667,17.133333329999996
2021-12-20,19905.375000000004,24.8,33.06666667,16.53333333
2021-12-21,20528.708333333336,24.6,32.8,16.4
2021-12-22,20141.041666666664,24.8,33.06666667,16.53333333
2021-12-23,19929.499999999996,24.9,33.2,16.6
2021-12-24,19754.999999999996,28.1,37.46666667,18.73333333
2021-12-25,17463.666666666668,23.8,31.73333333,15.866666669999999
2021-12-26,17232.416666666668,23.4,31.2,15.6
2021-12-27,20879.708333333336,25.2,33.6,16.8
2021-12-28,21070.91666666667,28.1,37.46666667,18.73333333
2021-12-29,22094.666666666668,30.5,40.66666667,20.33333333
2021-12-30,21668.999999999996,29.2,38.93333333,19.46666667
2021-12-31,20382.958333333332,26.1,34.8,17.4
2022-01-01,17997.833333333332,23.5,31.33333333,15.66666667
2022-01-02,16945.416666666664,25.8,34.4,17.2
2022-01-03,20364.583333333336,29.1,38.8,19.4
2022-01-04,20945.625000000004,25.0,33.33333333,16.66666667
2022-01-05,18767.583333333332,20.2,26.93333333,13.46666667
2022-01-06,17950.041666666664,21.7,28.93333333,14.46666667
2022-01-07,18249.75,24.7,32.93333333,16.46666667
2022-01-08,17752.95833333333,25.4,33.86666667,16.93333333
2022-01-09,17695.70833333334,25.9,34.53333333,17.26666667
2022-01-10,20857.541666666664,28.6,38.13333333,19.066666669999996
2022-01-11,22474.083333333336,31.1,41.46666667,20.73333333
2022-01-12,23201.375,26.3,35.06666667,17.53333333
2022-01-13,23568.875,29.9,39.86666667,19.933333330000004
2022-01-14,23624.875000000004,33.4,44.53333333,22.26666667
2022-01-15,22564.95833333333,32.1,42.8,21.4
2022-01-16,22589.75,26.0,34.66666667,17.33333333
2022-01-17,18070.791666666668,22.1,29.46666667,14.73333333
2022-01-18,17759.749999999993,22.5,30.0,15.0
2022-01-19,17161.75,23.4,31.2,15.6
2022-01-20,17830.833333333336,25.1,33.46666667,16.73333333
2022-01-21,19793.583333333325,25.1,33.46666667,16.73333333
2022-01-22,19098.333333333336,22.2,29.6,14.8
2022-01-23,17357.833333333332,22.6,30.13333333,15.06666667
2022-01-24,17742.625,24.2,32.26666667,16.13333333
2022-01-25,18402.458333333336,25.2,33.6,16.8
2022-01-26,20129.66666666666,23.2,30.93333333,15.46666667
2022-01-27,16568.333333333336,17.8,23.73333333,11.86666667
2022-01-28,16239.916666666668,19.2,25.6,12.8
2022-01-29,15323.500000000002,23.3,31.06666667,15.53333333
2022-01-30,15761.416666666668,25.2,33.6,16.8
2022-01-31,17522.875,21.8,29.06666667,14.53333333
2022-02-01,18258.70833333333,20.3,27.06666667,13.53333333
2022-02-02,20224.166666666664,27.2,36.26666667,18.133333329999996
2022-02-03,18482.875,22.5,30.0,15.0
2022-02-04,17900.708333333336,21.6,28.8,14.4
2022-02-05,15358.291666666666,18.7,24.933333330000004,12.46666667
2022-02-06,13127.958333333332,17.2,22.933333330000004,11.46666667
2022-02-07,15181.708333333332,18.7,24.93333333,12.46666667
2022-02-08,16187.75,19.2,25.6,12.8
2022-02-09,17208.833333333336,21.5,28.66666667,14.33333333
2022-02-10,18270.375,24.4,32.53333333,16.26666667
2022-02-11,17737.33333333334,20.9,27.866666670000004,13.93333333
2022-02-12,14487.125,16.9,22.53333333,11.26666667
2022-02-13,12214.708333333336,16.9,22.53333333,11.26666667
2022-02-14,16240.75,22.5,30.0,15.0
2022-02-15,18829.458333333332,26.4,35.2,17.6
2022-02-16,19861.958333333332,27.8,37.06666667,18.53333333
2022-02-17,18799.041666666664,20.3,27.06666667,13.53333333
2022-02-18,18255.541666666664,19.7,26.26666667,13.13333333
2022-02-19,16646.0,23.9,31.866666670000004,15.93333333
2022-02-20,16074.708333333332,19.6,26.133333329999996,13.06666667
2022-02-21,16380.29166666667,21.2,28.26666667,14.13333333
2022-02-22,16131.66666666667,20.4,27.2,13.6
2022-02-23,17149.166666666664,20.4,27.2,13.6
2022-02-24,16904.999999999996,20.8,27.73333333,13.866666669999999
2022-02-25,17530.375000000004,20.0,26.66666667,13.33333333
2022-02-26,16366.875000000002,23.5,31.33333333,15.66666667
2022-02-27,15757.791666666668,22.4,29.866666670000004,14.93333333
2022-02-28,15837.000000000002,20.5,27.33333333,13.66666667
2022-03-01,15247.208333333334,19.4,25.866666670000004,12.93333333
2022-03-02,16066.666666666664,23.3,31.06666667,15.53333333
2022-03-03,18245.166666666664,21.8,29.06666667,14.53333333
2022-03-04,18233.375,23.8,31.73333333,15.86666667
2022-03-05,16516.249999999996,23.1,30.8,15.4
2022-03-06,15571.166666666666,21.6,28.8,14.4
2022-03-07,16859.416666666668,21.2,28.26666667,14.13333333
2022-03-08,16552.666666666664,20.8,27.73333333,13.86666667
2022-03-09,16230.541666666662,18.7,24.93333333,12.46666667
2022-03-10,15258.083333333334,19.0,25.33333333,12.66666667
2022-03-11,15346.291666666666,16.9,22.53333333,11.26666667
2022-03-12,13700.333333333332,16.8,22.4,11.2
2022-03-13,12888.875000000002,17.0,22.66666667,11.33333333
2022-03-14,15481.583333333336,21.2,28.26666667,14.13333333
2022-03-15,16955.125,23.9,31.866666670000004,15.93333333
2022-03-16,17308.458333333332,24.7,32.93333333,16.46666667
2022-03-17,17549.53623188406,24.6,32.8,16.4
2022-03-18,16012.124999999996,16.3,21.73333333,10.866666669999999
2022-03-19,14097.374999999998,13.1,17.46666667,8.733333333
2022-03-20,12952.541666666666,14.9,19.866666670000004,9.933333333
2022-03-21,14622.5,18.8,25.06666667,12.53333333
2022-03-22,14890.499999999998,20.7,27.6,13.8
2022-03-23,15525.75,22.5,30.0,15.0
2022-03-24,14169.708333333332,15.6,20.8,10.4
2022-03-25,15063.958333333336,14.6,19.46666667,9.733333333
2022-03-26,13821.416666666666,18.5,24.66666667,12.33333333
2022-03-27,13121.041666666668,18.2,24.26666667,12.133333330000001
2022-03-28,15433.375,20.7,27.6,13.8
2022-03-29,15473.583333333334,21.5,28.66666667,14.33333333
2022-03-30,15223.70833333333,11.8,15.73333333,7.866666666999999
2022-03-31,15000.333333333334,11.3,15.06666667,7.533333333
2022-04-01,15099.791666666666,13.1,17.46666667,8.733333333
2022-04-02,13269.791666666666,16.7,22.26666667,11.133333330000001
2022-04-03,13074.625000000002,18.3,24.4,12.2
2022-04-04,14419.374999999998,13.8,18.4,9.2
2022-04-05,15249.124999999996,15.8,21.06666667,10.53333333
2022-04-06,15489.583333333332,19.1,25.46666667,12.73333333
2022-04-07,15653.500000000004,19.9,26.53333333,13.26666667
2022-04-08,15423.708333333332,19.3,25.73333333,12.86666667
2022-04-09,14422.083333333334,18.2,24.26666667,12.13333333
2022-04-10,13575.833333333334,19.9,26.53333333,13.26666667
2022-04-11,15116.791666666664,17.7,23.6,11.8
2022-04-12,15077.083333333334,14.4,19.2,9.6
2022-04-13,15171.70833333333,12.1,16.13333333,8.066666667
2022-04-14,14210.416666666666,13.1,17.46666667,8.733333333
2022-04-15,13351.791666666666,13.7,18.26666667,9.133333333
2022-04-16,13703.875000000004,14.6,19.46666667,9.733333333
2022-04-17,12910.625,17.4,23.2,11.6
2022-04-18,15005.249999999998,18.6,24.8,12.4
2022-04-19,14975.791666666664,18.9,25.2,12.6
2022-04-20,15375.874999999998,17.3,23.06666667,11.53333333
2022-04-21,15177.749999999998,15.2,20.26666667,10.13333333
2022-04-22,15396.250000000004,13.6,18.133333329999996,9.066666667
2022-04-23,14169.25,13.4,17.866666670000004,8.933333333
2022-04-24,13586.583333333334,19.3,25.73333333,12.86666667
2022-04-25,15321.416666666664,20.9,27.86666667,13.93333333
2022-04-26,16046.416666666666,21.0,28.0,14.0
2022-04-27,15635.041666666666,17.4,23.2,11.6
2022-04-28,16469.583333333336,11.2,14.93333333,7.466666667
2022-04-29,16288.375,7.3,9.733333333,4.866666667
2022-04-30,14931.916666666668,9.9,13.2,6.6
2022-05-01,13717.041666666666,11.3,15.06666667,7.533333333
2022-05-02,15384.166666666664,10.1,13.46666667,6.733333333
2022-05-03,16363.583333333334,9.2,12.26666667,6.133333333
2022-05-04,15161.333333333336,10.3,13.73333333,6.866666666999999
2022-05-05,16646.041666666668,14.9,19.866666670000004,9.933333333
2022-05-06,16120.583333333336,17.3,23.066666669999996,11.53333333
2022-05-07,14670.041666666668,17.4,23.2,11.6
2022-05-08,13494.500000000002,17.8,23.73333333,11.86666667
2022-05-09,14978.291666666664,14.4,19.2,9.6
2022-05-10,15615.458333333334,14.0,18.66666667,9.333333333
2022-05-11,15829.33333333333,12.4,16.53333333,8.266666667
2022-05-12,16283.416666666668,10.4,13.86666667,6.933333332999999
2022-05-13,16093.541666666666,13.7,18.26666667,9.133333333
2022-05-14,15917.791666666662,13.9,18.53333333,9.266666667
2022-05-15,14541.875000000004,10.3,13.73333333,6.866666667
2022-05-16,17119.958333333336,11.8,15.73333333,7.866666667
2022-05-17,18851.125,11.2,14.93333333,7.466666667
2022-05-18,17201.875,10.1,13.46666667,6.733333333
2022-05-19,18490.875,7.4,9.866666667,4.933333333
2022-05-20,17701.833333333332,12.3,16.4,8.2
2022-05-21,16251.083333333332,14.1,18.8,9.4
2022-05-22,14850.625000000002,9.6,12.8,6.4
2022-05-23,17128.25,13.6,18.13333333,9.066666667
2022-05-24,16907.833333333336,15.5,20.66666667,10.33333333
2022-05-25,15937.54166666667,9.7,12.93333333,6.466666667
2022-05-26,18323.833333333332,7.4,9.866666667,4.933333333
2022-05-27,18417.208333333336,9.4,12.53333333,6.266666667
2022-05-28,17506.5,8.9,11.866666669999999,5.933333333
2022-05-29,17092.541666666668,7.2,9.6,4.8
2022-05-30,19470.625,4.2,5.6,2.8
2022-05-31,20422.249999999996,3.3,4.4,2.2
2022-06-01,21102.208333333336,4.9,6.533333333,3.266666667
2022-06-02,21003.5,4.7,6.266666667,3.133333333
2022-06-03,20316.374999999996,5.4,7.2,3.6
2022-06-04,18299.875,10.3,13.73333333,6.866666666999999
2022-06-05,16810.25,6.6,8.8,4.4
2022-06-06,18837.666666666668,7.7,10.266666669999998,5.133333333
2022-06-07,18773.708333333332,10.0,13.33333333,6.666666667
2022-06-08,18834.333333333332,8.3,11.06666667,5.533333333
2022-06-09,19580.458333333336,8.7,11.6,5.8
2022-06-10,20610.125000000004,5.3,7.066666667,3.5333333329999994
2022-06-11,18485.25,5.3,7.066666667,3.5333333329999994
2022-06-12,17770.791666666668,7.3,9.733333333,4.866666667
2022-06-13,19544.041666666664,10.6,14.13333333,7.066666667
2022-06-14,18685.166666666668,12.7,16.93333333,8.466666667
2022-06-15,18681.083333333332,10.4,13.86666667,6.933333333
2022-06-16,18341.916666666664,8.8,11.733333330000002,5.866666667
2022-06-17,17572.04166666667,6.7,8.933333333,4.466666667
2022-06-18,18288.5,7.8,10.4,5.2
2022-06-19,17173.416666666664,11.3,15.06666667,7.533333333
2022-06-20,17561.791666666664,8.7,11.6,5.8
2022-06-21,19078.5,9.6,12.8,6.4
2022-06-22,20466.625000000004,5.4,7.2,3.6
2022-06-23,21418.041666666668,6.7,8.933333333,4.466666667
2022-06-24,21335.833333333332,8.3,11.06666667,5.533333333
2022-06-25,19426.958333333332,4.7,6.266666667,3.133333333
2022-06-26,18585.458333333336,6.5,8.666666667,4.333333333
2022-06-27,20098.0,9.4,12.53333333,6.266666667
2022-06-28,20702.499999999993,10.7,14.266666669999998,7.133333333
2022-06-29,19729.41666666667,13.5,18.0,9.0
2022-06-30,19722.75,11.6,15.46666667,7.733333333
2022-07-01,19212.499999999996,10.1,13.46666667,6.733333333
2022-07-02,18350.458333333332,8.2,10.93333333,5.466666667
2022-07-03,16657.458333333336,4.2,5.6,2.8
2022-07-04,19055.958333333336,9.4,12.53333333,6.266666667
2022-07-05,19600.25,11.3,15.06666667,7.533333333
2022-07-06,18624.833333333336,11.6,15.46666667,7.733333333
2022-07-07,19604.625,9.0,12.0,6.0
2022-07-08,19579.291666666668,7.1,9.466666667,4.733333333
2022-07-09,17392.375000000004,14.3,19.066666669999996,9.533333333
2022-07-10,15999.208333333332,17.6,23.46666667,11.73333333
2022-07-11,18934.70833333334,10.1,13.46666667,6.733333333
2022-07-12,19913.791666666668,5.4,7.2,3.6
2022-07-13,19368.291666666668,10.5,14.0,7.0
2022-07-14,19778.125,11.3,15.06666667,7.533333333
2022-07-15,19766.458333333336,9.8,13.06666667,6.533333333
2022-07-16,18749.416666666664,9.3,12.4,6.2
2022-07-17,17797.416666666664,7.1,9.466666667,4.733333333
2022-07-18,19861.75,9.9,13.2,6.6
2022-07-19,19540.29166666667,7.1,9.466666667,4.733333333
2022-07-20,18780.125,13.9,18.53333333,9.266666667
2022-07-21,18878.041666666668,10.8,14.4,7.2
2022-07-22,17482.333333333336,8.6,11.46666667,5.733333333
2022-07-23,15670.291666666666,13.3,17.73333333,8.866666667
2022-07-24,14909.125,15.1,20.13333333,10.06666667
2022-07-25,17143.708333333332,13.2,17.6,8.8
2022-07-26,17255.291666666664,17.2,22.933333330000004,11.46666667
2022-07-27,17461.0,17.2,22.933333330000004,11.46666667
2022-07-28,17097.208333333332,12.3,16.4,8.2
2022-07-29,17393.583333333336,9.7,12.93333333,6.466666667
2022-07-30,15879.916666666668,13.2,17.6,8.8
2022-07-31,15101.583333333332,12.3,16.4,8.2
2022-08-01,17072.624999999996,9.2,12.26666667,6.133333333000001
2022-08-02,16854.5,12.2,16.26666667,8.133333333
2022-08-03,17303.458333333332,11.5,15.33333333,7.666666667
2022-08-04,17908.958333333332,8.5,11.33333333,5.666666667
2022-08-05,18328.500000000004,7.8,10.4,5.2
2022-08-06,16706.083333333336,9.7,12.93333333,6.466666667
2022-08-07,16014.375,9.5,12.66666667,6.333333333
2022-08-08,19152.916666666664,9.1,12.133333330000001,6.066666667
2022-08-09,19249.958333333332,9.7,12.93333333,6.466666667
2022-08-10,18797.791666666664,10.0,13.33333333,6.666666667
2022-08-11,18091.916666666664,12.8,17.06666667,8.533333333
2022-08-12,17317.875,14.4,19.2,9.6
2022-08-13,15633.541666666668,15.6,20.8,10.4
2022-08-14,13869.333333333336,18.4,24.53333333,12.26666667
2022-08-15,14253.625000000002,13.5,18.0,9.0
2022-08-16,16629.708333333336,12.4,16.53333333,8.266666667
2022-08-17,18002.916666666668,10.6,14.133333330000001,7.066666667
2022-08-18,18623.333333333336,6.4,8.533333333,4.266666667
2022-08-19,17720.70833333333,9.4,12.53333333,6.266666667
2022-08-20,17005.41666666667,11.7,15.6,7.8
2022-08-21,15748.208333333334,9.7,12.93333333,6.466666667
2022-08-22,16942.541666666668,11.1,14.8,7.4
2022-08-23,16697.45833333333,14.2,18.933333330000004,9.466666667
2022-08-24,16281.374999999998,16.7,22.26666667,11.133333330000001
2022-08-25,15089.375000000004,18.6,24.8,12.4
2022-08-26,15759.666666666666,16.0,21.33333333,10.66666667
2022-08-27,15072.333333333336,16.0,21.33333333,10.66666667
2022-08-28,14332.541666666664,6.2,8.266666667,4.133333333
2022-08-29,16953.166666666668,8.6,11.46666667,5.733333333
2022-08-30,17168.583333333332,12.7,16.93333333,8.466666667
2022-08-31,16550.124999999996,15.0,20.0,10.0
2022-09-01,15898.708333333332,15.2,20.26666667,10.13333333
2022-09-02,15695.5,10.8,14.4,7.2
2022-09-03,14794.833333333332,10.1,13.46666667,6.733333333
2022-09-04,13628.791666666662,15.0,20.0,10.0
2022-09-05,15360.625,15.8,21.06666667,10.53333333
2022-09-06,15485.124999999998,14.0,18.66666667,9.333333333
2022-09-07,14927.666666666664,18.5,24.66666667,12.33333333
2022-09-08,15264.250000000002,16.9,22.53333333,11.26666667
2022-09-09,15876.333333333332,9.3,12.4,6.2
2022-09-10,14889.125000000002,9.7,12.93333333,6.466666667
2022-09-11,14022.916666666664,12.2,16.26666667,8.133333333
2022-09-12,15695.875,13.5,18.0,9.0
2022-09-13,15584.041666666666,10.9,14.53333333,7.266666667
2022-09-14,15445.208333333338,11.8,15.73333333,7.866666667
2022-09-15,15560.958333333334,16.1,21.46666667,10.73333333
2022-09-16,15179.541666666672,18.4,24.53333333,12.26666667
2022-09-17,13992.5,20.3,27.06666667,13.53333333
2022-09-18,13191.5,18.8,25.06666667,12.53333333
2022-09-19,14997.083333333334,16.6,22.133333329999996,11.06666667
2022-09-20,15824.708333333336,11.6,15.46666667,7.733333333
2022-09-21,16210.166666666666,13.4,17.866666670000004,8.933333333
2022-09-22,15559.666666666666,12.3,16.4,8.2
2022-09-23,15537.125,11.1,14.8,7.4
2022-09-24,14204.0,16.1,21.46666667,10.73333333
2022-09-25,12994.791666666666,15.2,20.26666667,10.13333333
2022-09-26,14959.666666666664,15.5,20.66666667,10.33333333
2022-09-27,14940.958333333336,16.7,22.26666667,11.13333333
2022-09-28,15037.958333333336,12.4,16.53333333,8.266666667
2022-09-29,15287.583333333332,12.9,17.2,8.6
2022-09-30,15212.45833333333,14.1,18.8,9.4
2022-10-01,13560.958333333334,15.2,20.26666667,10.13333333
2022-10-02,12386.500000000002,17.0,22.66666667,11.33333333
2022-10-03,14547.375,13.9,18.53333333,9.266666667
2022-10-04,14968.166666666664,15.2,20.26666667,10.133333330000001
2022-10-05,15220.874999999996,17.6,23.46666667,11.73333333
2022-10-06,14907.5,15.8,21.066666669999996,10.53333333
2022-10-07,13542.749999999998,19.6,26.13333333,13.06666667
2022-10-08,13608.375000000005,14.3,19.066666669999996,9.533333333
2022-10-09,12598.124999999998,11.2,14.93333333,7.466666667
2022-10-10,13598.624999999996,12.1,16.13333333,8.066666667
2022-10-11,14659.95833333333,15.7,20.933333330000004,10.46666667
2022-10-12,15023.541666666668,19.5,26.0,13.0
2022-10-13,14941.750000000004,15.3,20.4,10.2
2022-10-14,14851.541666666666,13.1,17.46666667,8.733333333
2022-10-15,13558.833333333332,12.9,17.2,8.6
2022-10-16,13081.499999999998,13.3,17.73333333,8.866666667
2022-10-17,14865.208333333332,15.6,20.8,10.4
2022-10-18,14792.583333333334,18.6,24.8,12.4
2022-10-19,15064.625,19.6,26.13333333,13.06666667
2022-10-20,15187.25,20.9,27.86666667,13.93333333
2022-10-21,14843.916666666666,17.1,22.8,11.4
2022-10-22,13724.333333333334,11.7,15.6,7.8
2022-10-23,13076.208333333336,13.8,18.4,9.2
2022-10-24,14628.166666666668,18.8,25.066666669999996,12.53333333
2022-10-25,15450.20833333333,21.7,28.933333330000004,14.46666667
2022-10-26,15535.58333333333,19.2,25.6,12.8
2022-10-27,15490.333333333334,19.7,26.26666667,13.133333330000001
2022-10-28,15941.166666666666,25.0,33.33333333,16.66666667
2022-10-29,15455.583333333332,23.1,30.8,15.4
2022-10-30,14284.70833333333,14.1,18.8,9.4
2022-10-31,14802.166666666668,11.6,15.46666667,7.733333333
2022-11-01,14649.583333333332,12.8,17.06666667,8.533333333
2022-11-02,14832.833333333332,20.5,27.33333333,13.66666667
2022-11-03,15029.124999999998,18.3,24.4,12.2
2022-11-04,15232.5,18.9,25.2,12.6
2022-11-05,13675.75,20.1,26.8,13.4
2022-11-06,13234.625,20.5,27.33333333,13.66666667
2022-11-07,15536.666666666668,20.9,27.86666667,13.93333333
2022-11-08,16467.875,21.1,28.133333329999996,14.06666667
2022-11-09,16132.83333333333,21.8,29.06666667,14.53333333
2022-11-10,16063.499999999998,22.7,30.26666667,15.13333333
2022-11-11,16306.124999999998,23.2,30.93333333,15.46666667
2022-11-12,15380.58333333333,23.4,31.2,15.6
2022-11-13,13644.166666666668,22.0,29.33333333,14.66666667
2022-11-14,14817.58333333333,18.5,24.66666667,12.33333333
2022-11-15,15523.416666666668,22.9,30.53333333,15.26666667
2022-11-16,17680.875000000004,26.8,35.73333333,17.866666670000004
2022-11-17,19719.083333333332,26.1,34.8,17.4
2022-11-18,19716.0,26.2,34.93333333,17.46666667
2022-11-19,18515.875,28.0,37.33333333,18.66666667
2022-11-20,15631.875,22.4,29.866666670000004,14.93333333
2022-11-21,13381.958333333334,16.1,21.46666667,10.73333333
2022-11-22,14831.41666666667,17.6,23.46666667,11.73333333
2022-11-23,16245.125000000004,24.0,32.0,16.0
2022-11-24,18731.541666666668,27.8,37.06666667,18.53333333
2022-11-25,19815.125000000004,21.7,28.93333333,14.46666667
2022-11-26,19022.58333333334,26.1,34.8,17.4
2022-11-27,18691.791666666664,27.0,36.0,18.0
2022-11-28,21157.875,27.7,36.93333333,18.46666667
2022-11-29,22686.583333333332,28.6,38.13333333,19.06666667
2022-11-30,20107.66666666667,23.8,31.73333333,15.86666667
2022-12-01,18247.125,19.9,26.53333333,13.26666667
2022-12-02,17274.875,20.0,26.66666667,13.33333333
2022-12-03,16940.833333333336,21.1,28.133333329999996,14.06666667
2022-12-04,17276.083333333332,24.5,32.66666667,16.33333333
2022-12-05,21398.124999999996,28.8,38.4,19.2
2022-12-06,23313.333333333336,30.0,40.0,20.0
2022-12-07,23959.66666666666,29.2,38.93333333,19.46666667
2022-12-08,22971.416666666675,27.5,36.66666667,18.33333333
2022-12-09,21244.416666666668,28.4,37.86666667,18.93333333
2022-12-10,21779.625,25.4,33.86666667,16.93333333
2022-12-11,19132.874999999996,27.4,36.53333333,18.26666667
2022-12-12,19738.708333333336,20.8,27.73333333,13.86666667
2022-12-13,20762.45833333333,21.3,28.4,14.2
2022-12-14,21349.666666666668,26.8,35.73333333,17.866666670000004
2022-12-15,19409.625000000004,22.6,30.133333329999996,15.06666667
2022-12-16,17805.333333333336,19.1,25.46666667,12.73333333
2022-12-17,13992.5,19.8,26.4,13.2
2022-12-18,14568.333333333334,23.7,31.6,15.8
2022-12-19,18064.791666666668,24.9,33.2,16.6
2022-12-20,19927.0,25.8,34.4,17.2
2022-12-21,20732.083333333332,25.7,34.26666667,17.133333329999996
2022-12-22,21881.833333333336,26.7,35.6,17.8
2022-12-23,19167.083333333332,24.3,32.4,16.2
2022-12-24,15015.79166666667,19.0,25.33333333,12.66666667
2022-12-25,13013.375000000002,16.9,22.53333333,11.26666667
2022-12-26,15111.874999999998,21.8,29.06666667,14.53333333
2022-12-27,17021.749999999996,25.4,33.86666667,16.93333333
2022-12-28,17159.374999999996,24.7,32.93333333,16.46666667
2022-12-29,18641.541666666664,22.8,30.4,15.2
2022-12-30,19471.79166666666,29.5,39.33333333,19.66666667
2022-12-31,17516.083333333332,26.0,34.66666667,17.33333333
2023-01-01,15836.25,21.6,28.8,14.4
2023-01-02,17254.916666666668,22.8,30.4,15.2
2023-01-03,17195.25,25.3,33.73333333,16.86666667
2023-01-04,18187.333333333336,23.0,30.66666667,15.33333333
2023-01-05,19924.958333333336,26.6,35.46666667,17.73333333
2023-01-06,20846.208333333336,28.3,37.73333333,18.866666670000004
2023-01-07,20448.0,27.4,36.53333333,18.26666667
2023-01-08,18963.541666666664,26.8,35.73333333,17.866666670000004
2023-01-09,21911.749999999996,26.6,35.46666667,17.73333333
2023-01-10,22866.833333333336,27.3,36.4,18.2
2023-01-11,20975.958333333332,23.0,30.66666667,15.33333333
2023-01-12,18426.708333333332,21.5,28.66666667,14.33333333
2023-01-13,18044.333333333336,23.2,30.93333333,15.46666667
2023-01-14,17011.583333333336,24.7,32.93333333,16.46666667
2023-01-15,17082.0,27.6,36.8,18.4
2023-01-16,21702.874999999996,30.4,40.53333333,20.26666667
2023-01-17,22525.791666666668,30.7,40.93333333,20.46666667
2023-01-18,21265.124999999996,26.7,35.6,17.8
2023-01-19,21414.416666666668,28.1,37.46666667,18.73333333
2023-01-20,22972.583333333332,25.3,33.73333333,16.86666667
2023-01-21,19846.25,24.8,33.06666667,16.53333333
2023-01-22,17265.708333333332,26.2,34.93333333,17.46666667
2023-01-23,21191.45833333333,26.3,35.06666667,17.53333333
2023-01-24,21727.458333333332,28.1,37.46666667,18.73333333
2023-01-25,20143.041666666668,26.0,34.66666667,17.33333333
2023-01-26,20897.666666666664,28.4,37.86666667,18.93333333
2023-01-27,20591.874999999996,23.4,31.2,15.6
2023-01-28,17388.75,24.3,32.4,16.2
2023-01-29,17789.666666666664,25.3,33.73333333,16.86666667
2023-01-30,20407.083333333332,24.1,32.13333333,16.06666667
2023-01-31,20880.708333333336,25.4,33.86666667,16.93333333
2023-02-01,22182.08333333333,24.5,32.66666667,16.33333333
2023-02-02,19349.58333333333,23.7,31.6,15.8
2023-02-03,18216.583333333336,23.3,31.066666669999996,15.53333333
2023-02-04,17344.041666666668,22.4,29.866666670000004,14.93333333
2023-02-05,16949.874999999996,24.7,32.93333333,16.46666667
2023-02-06,19765.125,28.3,37.73333333,18.866666670000004
2023-02-07,21978.791666666668,29.3,39.06666667,19.53333333
2023-02-08,23456.749999999996,26.8,35.73333333,17.866666670000004
2023-02-09,23462.500000000007,26.7,35.6,17.8
2023-02-10,23384.500000000004,31.1,41.46666667,20.73333333
2023-02-11,23106.291666666668,32.2,42.93333333,21.46666667
2023-02-12,21123.583333333332,34.5,46.0,23.0
2023-02-13,22770.125,26.2,34.93333333,17.46666667
2023-02-14,21780.625000000004,25.8,34.4,17.2
2023-02-15,21508.708333333332,24.7,32.93333333,16.46666667
2023-02-16,18810.75,19.4,25.866666670000004,12.93333333
2023-02-17,16511.208333333336,11.1,14.8,7.4
2023-02-18,13457.416666666666,14.7,19.6,9.8
2023-02-19,13074.791666666666,20.4,27.2,13.6
2023-02-20,13241.250000000002,20.9,27.866666670000004,13.93333333
2023-02-21,14708.333333333332,24.2,32.26666667,16.13333333
2023-02-22,18839.833333333336,27.4,36.53333333,18.26666667
2023-02-23,18739.916666666664,25.4,33.86666667,16.93333333
2023-02-24,19196.625,23.7,31.6,15.8
2023-02-25,18616.0,24.7,32.93333333,16.46666667
2023-02-26,15958.499999999996,21.8,29.06666667,14.53333333
2023-02-27,18946.291666666668,24.1,32.13333333,16.06666667
2023-02-28,20345.333333333336,29.1,38.8,19.4
2023-03-01,22974.5,31.6,23.0,21.06666667
2023-03-02,23449.708333333325,31.6,23.0,21.06666667
2023-03-03,22657.708333333336,30.4,23.0,20.26666667
2023-03-04,21250.83333333334,30.5,23.0,20.33333333
2023-03-05,20451.416666666668,28.2,23.0,18.8
2023-03-06,23547.79166666667,29.5,23.0,19.66666667
2023-03-07,23202.41666666667,27.4,23.0,18.26666667
2023-03-08,22272.58333333333,28.7,23.0,19.133333329999996
2023-03-09,23509.41666666667,28.6,23.0,19.06666667
2023-03-10,23535.70833333333,31.4,23.0,20.93333333
2023-03-11,23347.874999999996,32.2,21.0,21.46666667
2023-03-12,23219.541666666664,32.3,21.0,21.53333333
2023-03-13,24413.70833333334,31.0,21.0,20.66666667
2023-03-14,24252.916666666664,31.4,21.0,20.93333333
2023-03-15,23071.624999999996,31.7,21.0,21.133333329999996
2023-03-16,21520.624999999996,30.3,21.0,20.2
2023-03-17,22650.166666666664,28.6,21.0,19.06666667
2023-03-18,21667.666666666664,27.4,21.0,18.26666667
2023-03-19,19179.916666666664,29.7,21.0,19.8
2023-03-20,19504.041666666668,27.7,21.0,18.46666667
2023-03-21,18256.625,26.8,20.0,17.866666670000004
2023-03-22,18138.583333333332,27.3,20.0,18.2
2023-03-23,17270.0,30.9,20.0,20.6
2023-03-24,15983.16666666667,31.8,20.0,21.2
2023-03-25,15241.666666666666,32.7,20.0,21.8
2023-03-26,13492.791666666666,30.8,20.0,20.53333333
2023-03-27,15904.916666666668,31.6,20.0,21.06666667
2023-03-28,16394.416666666668,27.1,20.0,18.06666667
2023-03-29,16916.45833333334,25.3,20.0,16.86666667
2023-03-30,16595.208333333332,26.1,20.0,17.4
2023-03-31,15802.416666666664,25.2,20.0,16.8
2023-04-01,14273.416666666666,26.2,20.0,17.46666667
2023-04-02,13099.20833333333,20.6,20.0,13.73333333
2023-04-03,15000.125,21.4,20.0,14.26666667
2023-04-04,15143.791666666662,22.7,20.0,15.13333333
2023-04-05,15238.083333333334,22.6,20.0,15.06666667
2023-04-06,14820.333333333336,22.8,20.0,15.2
2023-04-07,13787.791666666666,23.3,20.0,15.53333333
2023-04-08,13877.125,17.7,20.0,11.8
2023-04-09,13542.166666666668,18.2,20.0,12.13333333
2023-04-10,15608.750000000002,25.4,20.0,16.93333333
2023-04-11,16874.125,21.6,18.0,14.4
2023-04-12,16068.333333333334,18.2,18.0,12.13333333
2023-04-13,15512.166666666666,18.3,18.0,12.2
2023-04-14,15119.083333333332,12.1,18.0,8.066666667
2023-04-15,13886.083333333332,15.7,18.0,10.46666667
2023-04-16,13225.208333333338,13.4,18.0,8.933333333
2023-04-17,15048.291666666668,14.4,18.0,9.6
2023-04-18,15364.750000000002,12.4,18.0,8.266666667
2023-04-19,15716.333333333332,12.3,18.0,8.2
2023-04-20,15804.291666666668,13.3,18.0,8.866666667
2023-04-21,15319.291666666668,16.1,16.0,10.73333333
2023-04-22,13605.375000000002,16.3,16.0,10.86666667
2023-04-23,13223.499999999998,15.8,16.0,10.53333333
2023-04-24,14798.166666666666,17.1,16.0,11.4
2023-04-25,14970.541666666668,17.5,16.0,11.66666667
2023-04-26,14952.958333333334,16.5,16.0,11.0
2023-04-27,15456.25,18.3,16.0,12.2
2023-04-28,15290.375,21.7,16.0,14.46666667
2023-04-29,14042.624999999998,22.7,16.0,15.133333330000001
2023-04-30,13049.208333333336,20.3,16.0,13.53333333
2023-05-01,12942.458333333334,12.1,20.0,8.066666667
2023-05-02,15656.874999999998,10.6,20.0,7.066666667000001
2023-05-03,15422.583333333332,10.7,20.0,7.133333333
2023-05-04,15813.25,12.5,20.0,8.333333333
2023-05-05,15802.791666666664,15.1,20.0,10.06666667
2023-05-06,14336.999999999996,18.0,20.0,12.0
2023-05-07,13481.250000000002,16.6,20.0,11.06666667
2023-05-08,15363.333333333334,11.6,20.0,7.733333333
2023-05-09,16160.583333333332,7.7,20.0,5.133333333
2023-05-10,15528.708333333332,13.0,20.0,8.666666667
2023-05-11,16210.58333333333,11.3,18.0,7.533333333
2023-05-12,16134.833333333334,8.0,18.0,5.333333333
2023-05-13,14855.708333333336,16.4,18.0,10.93333333
2023-05-14,13398.0,18.7,18.0,12.46666667
2023-05-15,14801.833333333332,14.1,18.0,9.4
2023-05-16,14825.458333333334,19.0,18.0,12.66666667
2023-05-17,15310.625000000004,20.3,18.0,13.53333333
2023-05-18,15372.958333333334,17.7,18.0,11.8
2023-05-19,15344.833333333336,12.5,18.0,8.333333333
2023-05-20,14843.166666666672,11.8,18.0,7.866666667
2023-05-21,14278.791666666668,14.2,16.0,9.466666667
2023-05-22,15958.833333333336,18.4,16.0,12.26666667
2023-05-23,15652.16666666667,18.1,16.0,12.06666667
2023-05-24,15805.541666666664,20.8,16.0,13.86666667
2023-05-25,14568.791666666668,19.1,16.0,12.73333333
2023-05-26,14610.541666666668,18.8,16.0,12.53333333
2023-05-27,14733.833333333334,10.5,16.0,7.0
2023-05-28,14599.291666666662,6.1,16.0,4.066666667
2023-05-29,18137.958333333336,4.8,16.0,3.2
2023-05-30,17254.916666666664,8.5,16.0,5.666666667
2023-05-31,17486.458333333332,12.7,16.0,8.466666667
2023-06-01,16896.541666666668,17.0,16.0,11.33333333
2023-06-02,16308.291666666668,18.1,16.0,12.06666667
2023-06-03,14850.875,17.5,16.0,11.66666667
2023-06-04,13723.75,14.8,16.0,9.866666667
2023-06-05,16239.166666666668,9.7,16.0,6.466666667
2023-06-06,16977.833333333332,15.5,16.0,10.33333333
2023-06-07,17366.791666666664,17.5,16.0,11.66666667
2023-06-08,16437.083333333336,21.0,16.0,14.0
2023-06-09,16619.375000000004,17.7,16.0,11.8
2023-06-10,15845.875000000002,8.3,16.0,5.533333333
2023-06-11,17075.16666666667,5.4,15.0,3.6
2023-06-12,20504.583333333336,4.8,15.0,3.2
2023-06-13,20848.250000000004,4.4,15.0,2.933333333
2023-06-14,20697.541666666664,7.6,15.0,5.066666667000001
2023-06-15,20816.250000000004,8.0,15.0,5.333333333
2023-06-16,20086.833333333336,8.4,15.0,5.6
2023-06-17,18624.125000000004,7.1,15.0,4.733333333
2023-06-18,17022.333333333332,4.2,15.0,2.8
2023-06-19,17896.375,8.7,15.0,5.8
2023-06-20,17883.666666666668,10.4,15.0,6.933333332999999
2023-06-21,20190.791666666664,10.8,14.0,7.2
2023-06-22,19902.0,18.2,14.0,12.13333333
2023-06-23,19448.458333333336,18.2,14.0,12.13333333
2023-06-24,17564.833333333332,12.1,14.0,8.066666667
2023-06-25,16331.749999999998,12.6,14.0,8.4
2023-06-26,17536.833333333336,14.4,14.0,9.6
2023-06-27,17938.666666666668,12.0,14.0,8.0
2023-06-28,18340.583333333336,9.7,14.0,6.466666667
2023-06-29,19196.875,11.5,14.0,7.666666667
2023-06-30,19276.083333333336,12.5,14.0,8.333333333
2023-07-01,17581.833333333336,11.1,14.0,7.4
2023-07-02,15338.833333333332,15.2,14.0,10.13333333
2023-07-03,17098.625,16.8,14.0,11.2
2023-07-04,16755.25,19.8,14.0,13.2
2023-07-05,16638.958333333336,16.2,14.0,10.8
2023-07-06,16559.375,13.2,14.0,8.8
2023-07-07,17643.833333333336,12.5,14.0,8.333333333
2023-07-08,16842.291666666664,10.6,14.0,7.066666667000001
2023-07-09,16459.083333333336,14.0,14.0,9.333333333
2023-07-10,18132.833333333332,12.1,14.0,8.066666667
2023-07-11,19174.291666666668,11.0,14.0,7.333333333
2023-07-12,20257.875000000004,9.5,14.0,6.333333333
2023-07-13,21656.0,7.6,14.0,5.066666667000001
2023-07-14,21383.208333333332,10.0,14.0,6.666666667
2023-07-15,19808.875,11.0,14.0,7.333333333
2023-07-16,18789.291666666664,9.0,14.0,6.0
2023-07-17,20989.083333333332,7.5,14.0,5.0
2023-07-18,21295.833333333336,7.0,14.0,4.666666667
2023-07-19,21062.166666666668,10.5,14.0,7.0
2023-07-20,20620.083333333336,12.5,14.0,8.333333333
2023-07-21,18484.125,17.0,15.0,11.33333333
2023-07-22,15277.75,19.5,15.0,13.0
2023-07-23,14069.708333333332,14.0,15.0,9.333333333
2023-07-24,17833.124999999996,11.0,15.0,7.333333333
2023-07-25,18969.75,13.5,15.0,9.0
2023-07-26,19296.666666666668,15.5,15.0,10.33333333
2023-07-27,19563.458333333336,9.5,15.0,6.333333333
2023-07-28,18541.000000000004,14.0,15.0,9.333333333
2023-07-29,15985.625,13.5,15.0,9.0
2023-07-30,15096.75,11.5,15.0,7.666666667
2023-07-31,16143.333333333332,15.5,15.0,10.33333333
2023-08-01,15761.791666666666,19.0,15.0,12.66666667
2023-08-02,15725.66666666667,12.0,15.0,8.0
2023-08-03,16416.499999999996,11.5,15.0,7.666666667
2023-08-04,16497.0,14.0,15.0,9.333333333
2023-08-05,15435.166666666666,12.5,15.0,8.333333333
2023-08-06,14927.958333333336,15.5,21.0,10.33333333
2023-08-07,17602.625000000004,10.0,12.0,6.666666667
2023-08-08,17595.833333333336,11.0,14.0,7.333333333
2023-08-09,18150.958333333332,13.0,15.0,8.666666667
2023-08-10,17597.541666666668,14.5,17.0,9.666666667
2023-08-11,0,12.5,,
